Material Name,Al wt%,C wt%,Co wt%,Cr wt%,Cu wt%,Fe wt%,Mn wt%,Mo wt%,Nb wt%,Ni wt%,Ta wt%,Ti wt%,W wt%,Other,Yield Strength (MPa),Melting Temperature Min (C),Melting Temperature Max (C)
"Hastelloy G, solution treated",0,0.05,1.25,22.25,2,19.5,1.5,6.5,0,43.8,1.065,0,0.5,1.585,315,1260,1340
"Hastelloy G-3, solution treated",0,0.015,2.5,22.5,2,19.5,0.5,7,0,45,0,0,0.75,0.235,372.5,1250,1350
"Hastelloy X, solution treated",0,0.1,1.5,21.5,0,19.5,0,9,0,47.5,0,0,0.6,0.3,395,1260,1360
Haynes 230,0.25,0.1,2.5,22,0,1,0.65,3,0,56.5,0,0,14,0,398.5,1290,1380
"Inconel 600, annealed",0,0.075,0,15.5,0.25,8,0.5,0,0,75.5,0,0,0,0.175,241.5,1360,1420
"Inconel 600, cold worked",0,0.075,0,15.5,0.25,8,0.5,0,0,75.5,0,0,0,0.175,552,1360,1420
"Inconel 600, hard",0,0.075,0,15.5,0.25,8,0.5,0,0,75.5,0,0,0,0.175,707.5,1360,1420
"Inconel 601, annealed",1.35,0.05,0,23,0,13.6,0.75,0,0,60.5,0,0,0,0.75,455,1300,1370
"Inconel 617, annealed",1.15,0.1,12.5,22,0.25,1.5,0.5,9,0,52.5,0,0,0,0.5,320,1300,1380
"Inconel 625, annealed",0.2,0.05,0,21.5,0,2.5,0.25,9,3,63,0.15,0.2,0,0.15,399.5,1290,1350
"Inconel 671, annealed",0,0.05,0,45,0,0,0,0,0,54,0,0.35,0,0.6,482.5,1310,1350
"Inconel 686, annealed",0,0,0,21,0,2.5,0.375,16,0,56,0,0.315,3.7,0.11,410,1060,1110
"Inconel 690, annealed",0,0.025,0,29,0.25,9,0.25,0,0,61,0,0,0,0.475,380,1350,1380
"Inconel 706, annealed",0.2,0.03,0,16,0.15,37,0.175,0,1.4,41.5,1.4,1.75,0,0.395,1005,1330,1370
"Inconel 706, solution treated",0.2,0.03,0,16,0.15,37,0.175,0,1.4,41.5,1.4,1.75,0,0.395,948,1330,1370
"Inconel 718, solution treated",0.5,0.04,0.5,19,0.15,17.5,0.175,3.05,2.6,52.5,2.6,0.925,0,0.46,762,1260,1340
"Inconel 718, solution treated and aged",0.5,0.04,0.5,19,0.15,17.5,0.175,3.05,2.6,52.5,2.6,0.925,0,0.46,1065,1260,1340
"Inconel 754, annealed",0.35,0.025,0,21,0,1.25,0,0,0,76.5,0,0.45,0,0.425,581,1370,1430
"Inconel X-750, annealed and aged",0.7,0.04,0.5,15.5,0.25,7,0.5,0,0.03,72.5,0.475,2.5,0,0.005,726.5,1390,1430
"Inconel X-750, equalized and aged",0.7,0.04,0.5,15.5,0.25,7,0.5,0,0.03,72.5,0.475,2.5,0,0.005,726.5,1390,1430
"Nichome N06008, annealed",0.1,0.075,0,30,0,0.5,0,0,0,68,0,0,0,1.325,555,1410,1440
"Nichrome V, annealed",0,0,0,20,0,0.5,1.25,0,0,77,0,0,0,1.25,412.5,1390,1430
"Nichrome, annealed",0,0.075,0,16,0,22.5,0.5,0,0,59.5,0,0,0,1.425,345,1330,1370
"Nimonic 115, heat treated",5,0,14,15,0,0,0,4,0,58,0,4,0,0,865,1280,1360
"Nimonic 75, annealed",0,0.115,0,19.5,0.25,2.5,0.5,0,0,76.5,0,0.4,0,0.235,290,1360,1400
"Nimonic 80A, heat treated",1.15,0.05,1,19.5,0.1,1.5,0.5,0,0,73.5,0,2.25,0,0.45,667.5,1360,1390
"Nimonic 81, heat treated",1,0,0,30,0,0,0.3,0,0,66.5,0,1.8,0,0.4,600,1280,1400
"Nimonic 90, heat treated",1.5,0.065,18,19.5,0,1.5,0.5,0,0,55.5,0,2.4,0,1.035,810,1100,1370
"Nimonic PK33, heat treated",2.1,0.035,14,18,0,0.5,0.25,7,0,55.5,0,2.25,0,0.365,785,1300,1380
Rene 41,1.6,0,11,19,0,2.5,0.05,9.5,0,53,0,3.15,0,0.2,1040,1320,1370
"Rene 41, solution treated and aged",1.6,0,11,19,0,2.5,0.05,9.5,0,53,0,3.15,0,0.2,870.5,1320,1370
"Waspaloy, precipitation treated",1.4,0.065,13.5,19.5,0.25,1,0.5,4.25,0,56,0,3,0,0.535,810,1330,1360
"MAR-M 200, as cast",5,0.145,10,9,0,0.75,0.1,0,0.975,59,0,2,13,0.03,840,1320,1370
"MAR-M 200, directionally solidified",5,0.145,10,9,0,0.75,0.1,0,0.975,59,0,2,13,0.03,860,1320,1370
"MAR-M 246, as cast",6,0,10,9,0,0,0,2.5,0,59,1.5,2,10,0,860,1220,1360
"MAR-M 247, as cast",6,0,10,8.3,0,0.25,0,0.35,0,59.5,3,1,10,1.6,805,1200,1380
"Ni-Fe-Cr alloy, HW grade, aged",0,0.55,0,12,0,25,1,0.25,0,60,0,0,0,1.2,357.5,1270,1310
"Ni-Fe-Cr alloy, HW grade, as cast",0,0.55,0,12,0,25,1,0.25,0,60,0,0,0,1.2,247.5,1270,1310
"Ni-Fe-Cr alloy, HX grade, aged",0,0.55,0,17,0,14.1,1,0.25,0,66.5,0,0,0,0.6,302.5,1270,1310
"Ni-Fe-Cr alloy, HX grade, as cast",0,0.55,0,17,0,14.1,1,0.25,0,66.5,0,0,0,0.6,247.5,1270,1310
"Incoloy 800, annealed",0.5,0,0,21,0.375,45,0.75,0,0,32,0,0.375,0,0,310,1360,1390
"Incoloy 800H, annealed",0.375,0.075,0.75,21,0.375,43.5,0.75,0,0,32.5,0,0,0,0.675,216,1360,1390
"Incoloy 801, aged",0,0.05,0,20.5,0.25,44.5,1.5,0,0,32,0,1.125,0,0.075,387.5,1360,1390
"Incoloy 801, annealed",0,0.05,0,20.5,0.25,44.5,1.5,0,0,32,0,1.125,0,0.075,217.5,1360,1390
"Incoloy 825, annealed",0.1,0.025,0,22,2,29,0.5,3,0,42,0,0.9,0,0.475,355,1370,1400
"Incoloy 840, annealed",0.3,0.04,0,20,0.375,58,0.5,0,0,20,0,0.3,0,0.485,215,1130,1160
"Incoloy 901, aged",0.175,0,0.5,12.5,0.25,34.5,0,5.75,0,43.5,0,2.75,0,0.075,819,1290,1350
"Incoloy 909, aged",0.075,0.03,14,0.5,0.25,40.5,0.5,0,4.75,37.5,0,1.55,0,0.345,1035,1390,1430
"Incoloy 945X, aged",0.355,0.0225,0,21.5,2.25,10,0,3.5,3.5,57,0,1.5,0,0.3725,947.5,1270,1380
"PYROMET 860, bar",1,0,4,13,0,30,0,6,0,43,0,3,0,0,1295,1230,1380
"UDIMET 630, bar",0.5,0,0,18,0,18,0,3,6.5,50,0,1,3,0,1310,1230,1380
"Iron-base superalloy, A-286, solution treated and aged",0,0.04,0,0,15,54.5,0,1.24,0,25.5,0,2.15,0,1.57,691.5,632,705
"Iron-base superalloy, N-155, solution treated",0,0.12,19.5,21,0,30,1.5,3,0.975,20,0,0,2.5,1.405,357.5,1280,1360